id,first_name,last_name,specialty,linkedin,company,region,image,summary
1,Chloe,Reuter,Fashion & Luxury,https://www.linkedin.com/in/chloereuter/,"Reuter Communications and The Luxury Conversation
",Greater China,https://media-exp1.licdn.com/dms/image/C4D03AQEkvEuxoWCFLg/profile-displayphoto-shrink_200_200/0?e=1587600000&v=beta&t=WbP54kfwnXkPUBr3_Y8NcNQhQDUPyjw9zpPk42s_3l8,"Chlo√© founded Reuter Communications in January 2010 with a clear objective to build a world class communications agency focusing on premium lifestyle brands. Today, the Integrated Agency has 120 full time staff. It is headquartered in Shanghai, with offices in Hong Kong, Singapore, London and Dubai. In 2018 the Agency was awarded ""Best Independent Agency in Greater China""‚Äã by Campaign Asia. Chlo√© was also named one of 2019s Women to Watch by Luxury Daily -- https://www.luxurydaily.com/luxury-women-to-watch-2019/"
2,Kim,Leitzes,Influencer (KOL),https://www.linkedin.com/in/kimleitzes/,PARKLU,Greater China,https://media-exp1.licdn.com/dms/image/C5603AQE25dt_wRcIVg/profile-displayphoto-shrink_200_200/0?e=1587600000&v=beta&t=sHFzSSuMadr7I1lE2NgnmWjDepyAKmjziAAo6kmtWZ0,"Kim Leitzes is the founder of PARKLU, a KOL relationship management (KRM) and analytics platform pioneering how brands analyze, collaborate, and manage social media influencers in China. Her team developed software from scratch that makes finding and collaborating with the right influencers easy and data-driven."
3,Ashley,Dudarenok,,https://www.linkedin.com/in/ashleygalina/,Alarice & ChoZan,Hong Kong,https://media-exp1.licdn.com/dms/image/C5103AQFHCxKSucikfg/profile-displayphoto-shrink_200_200/0?e=1587600000&v=beta&t=Q_mtIWqSfm4lHk1xH0ANfaeyAbAns4BB90FJStHKYw0,"I am a China watcher, 3-time Amazon bestselling author, global keynote speaker, vlogger, podcaster, media contributor and female leadership spokesperson. üëáüëáüëá"
4,Lauren,Hallanan,Influencer (KOL),https://www.linkedin.com/in/lauren-hallanan/,Chatly,USA,https://media-exp1.licdn.com/dms/image/C4D03AQFONa4M8S5Ztw/profile-displayphoto-shrink_200_200/0?e=1587600000&v=beta&t=TXCQD-AmwMtoUPwA8i7LQLJap-tWGh_T7VcqlnboIYk,"Lauren Hallanan is Head of Marketing at Chatly and a Chinese social media marketing consultant, writer, and speaker focusing on influencer marketing, live streaming, social commerce, and the rise of Chinese domestic brands. She‚Äôs the co-author of the Amazon bestselling book Digital China: Working with Bloggers, Influencers, and KOLs, a contributing writer at Forbes and Jing Daily, and host of the China Marketing Podcast."
5,Michelle,Wonderland,,https://www.linkedin.com/in/michellecm/,Self Employed,Singapore,https://media-exp1.licdn.com/dms/image/C5103AQHnA5cNu1tOCQ/profile-displayphoto-shrink_200_200/0?e=1587600000&v=beta&t=U11NlI_xQMZFQz5tv13p4h4Rp-T9WCXG_tCaYGDB_jA,"A digital media, content marketer, and broadcast professional with over 15 years of experience including content strategy, editorial, digital marketing, social media marketing, television program management, content acquisition, formats development, branded content, television story development, writing, content curation, scripted and reality television production. I am a Google Analytics junkie, data scientist, social media savant, travel enthusiast, yoga lover; I coo to analyzing numbers, and am fiercely loyal to data and statistics to help drive content strategy."
6,Jessica,Miao,,https://www.linkedin.com/in/jessicamiao/,UMS,Greater China,https://media-exp1.licdn.com/dms/image/C5103AQHvFISCE1un1A/profile-displayphoto-shrink_200_200/0?e=1587600000&v=beta&t=zEewuJFpTq1BPjM8WTEK6s2ZXLS1sTl2N--GCVvdCFw,"Jessica Miao is renowned for her digital/social media, communication and strategic skills. With over ten years of digital marketing experience Jessica has forged an impressive reputation in her home country, China, and abroad. It is this skill and strategic foresight that is at the heart of United Media Solution ‚Äì a company focused on leading overseas brands and businesses to success in the challenging Chinese market."
7,Miro,Li,Ecommerce,https://www.linkedin.com/in/miroli/,Double V consulting,Hong Kong,https://media-exp1.licdn.com/dms/image/C5103AQFPpibS9kgSsA/profile-displayphoto-shrink_200_200/0?e=1587600000&v=beta&t=jM2wEepf16ZYOQidYUmyegjjaGMQSS5-h3qG5-IgNoU,"Miro is a native Chinese and has been living in Hong Kong for a decade. Graduated from one of the TOP 3 Universities in Hong Kong (CUHK), she joined a Chinese eCommerce startup and was in charge of overseas business development. In 2017, Miro founded Double V., a training and consulting company helping overseas brands enter China market from 0 to 1. Double V. is specialized in Chinese niche social platforms, including but not limited to the most popular Chinese social commerce APP RED/XiaoHongShu, and the Gen Z video sharing platform Bilibili."
8,Sarah,Yam,,https://www.linkedin.com/in/sarahyam/,Red Digital,United Kingdom,https://media-exp1.licdn.com/dms/image/C5103AQFfuez_M5KdAQ/profile-displayphoto-shrink_200_200/0?e=1587600000&v=beta&t=7-f2K7p-y80B2wrFk7oxKoPi99gNaTlrU-JO331Jstg,"Certified WeChat mini program service provider from Tencent, with in-house tech lead, UI designer, data analysis guru, Chinese social media (WeChat, Weibo) and digital marketing expert, Chinese search engine marketing expert (Baidu, 360), Red Digital China helps you to drive data driven digital marketing using the latest technology. Contact us at www.reddigitalchina.com or www.reddigitalchina.cn"
9,Dao,Nguyen,Beauty,https://www.linkedin.com/in/dao-nguyen-2473204/,ESSENZIA,France,https://media-exp1.licdn.com/dms/image/C4E03AQEWmtiaHb6rXg/profile-displayphoto-shrink_200_200/0?e=1587600000&v=beta&t=sGq409OwLLUSmFNXnR5p0_2kVP-LDnoyssOIbDiFXjo,"I am a contributing writer at Jingdaily, public speaker and teacher (China Beauty Expo, Soci√©t√© Fran√ßaise de Parfumerie, Institut Fran√ßais de la Mode, HEC and dedicated professional seminars).
Made honorific member of Societ√© Fran√ßaise de Parfumerie since 2016."
10,Christina,Richter,Ecommerce,https://www.linkedin.com/in/christina-richter/,Azoya,Germany,https://media-exp1.licdn.com/dms/image/C4D03AQH6V2Sy74rMgw/profile-displayphoto-shrink_200_200/0?e=1587600000&v=beta&t=BNIOaR1kSMnQzijqET5IMLyzDmyb1c2B4J0uYzmhJDQ,"I am a communication and personal branding strategist, based in Berlin, working for companies and individuals from all over the world. With 15 years of experience in public relations, corporate communications and social media, I have worked in agencies, in small and medium-sized companies as well as corporate groups and have been responsible for both internal and external communications. I have a master‚Äôs in international information management with a major in intercultural communications. My passion has always been storytelling."
11,Ivy,Shen,Ecommerce,https://www.linkedin.com/in/ivy-shen-45445285/,Azoya,Greater China,https://media-exp1.licdn.com/dms/image/C4E03AQHzSz3TGmUyCA/profile-displayphoto-shrink_200_200/0?e=1587600000&v=beta&t=StD-Gtl_7KpBZOL3gl3zBkA6A4ucfLcbXMlvlugS0ik,"Ivy Shen is Vice President of International Business at Azoya, a China e-commerce enabler in Shenzhen. Ivy joined the company in 2014 and helps global retailers and brands enter the China market through platforms such as Tmall, JD.com, Kaola, WeChat, and official brand websites. Top brand partners include Woolworths, Feelunique, Pixi, Cambridge Satchel, Swanson, etc."
12,Lina,Bartuseviciute,Branding,https://www.linkedin.com/in/linabartuseviciute/,LITAO Consultancy Group,Greater China,https://media-exp1.licdn.com/dms/image/C5103AQHKspHQZJam5A/profile-displayphoto-shrink_200_200/0?e=1587600000&v=beta&t=1BzH78ST96lLO2SZbeMf_ETbXc_bjUJR8wIyWJ9HzXM,"Since 2010, I have consulted 100+ projects across a dozen industries as well as 200+ individual clients, all looking to enter or expand their business in China. I speak fluent Mandarin Chinese, but my true specialty is cross-cultural communication: paying attention to nuances and context beyond language."
13,Jiaqi,Luo,Fashion & Luxury,https://www.linkedin.com/in/jiaqiluo1/,Self Employed,Italy,https://media-exp1.licdn.com/dms/image/C4E03AQFxZ-zIMfyWfg/profile-displayphoto-shrink_200_200/0?e=1587600000&v=beta&t=R6D6VfCQtDkETOevvAt8Of3pgvFG5l3b7a-xkMwpuAw,"Client-facing, collaborative marketing professional fluent English, Italian, and Chinese. Experienced in working with multicultural teams and in a fast-paced environment."
14,Domenica,Di Lieto,Fashion & Luxury,https://www.linkedin.com/in/domenicadilieto/,Emerging Communications UK,United Kingdom,https://media-exp1.licdn.com/dms/image/C4E03AQEo3QcivK4uQQ/profile-displayphoto-shrink_200_200/0?e=1587600000&v=beta&t=A3OeXDCdSwpAY-ORCQHv5tWtpB0cU-7_NoJNjUg5tys,"CEO Emerging Communications 
Specialisms: Crisis Management, PR, Luxury, Inbound, Cultural training & team alignment 
Domenica has 30 years of business and marketing experience, having run multi-national companies spanning tech, ecommerce and marketing for over 14 years.
With 8 years‚Äô experience in China and offices in London and Shanghai, Domenica is a well-known public speaker as well as a regular press contributor who provides insights into Chinese PR crises prevention and management, inbound consumer trends and strategy, customer segmentation and managing & alignment of multicultural teams."
15,Rachel,Zheng,Fashion & Luxury,https://www.linkedin.com/in/rachelruonanzheng/,JingDaily,Greater China,https://media-exp1.licdn.com/dms/image/C4E03AQEmMDT3PV87Lg/profile-displayphoto-shrink_200_200/0?e=1587600000&v=beta&t=I3UHS09GiRrgKdXFp9euSZD6JOc27hvFZKJjnpwJZa4,"Born and raised in Beijing, I am an English and Chinese bilingual reporter focusing on culture, society and business. My goal is to uncover the growing pain of the rising global power - China."
16,Renata,Thiebaut,Ecommerce,https://www.linkedin.com/in/renatathiebaut/,Web2Asia,Greater China,https://media-exp1.licdn.com/dms/image/C5103AQE9rcCWjrGz6w/profile-displayphoto-shrink_200_200/0?e=1588204800&v=beta&t=6f6SPDItEPcUf2yJZBLcEqGZHEbO41tncxkuyFWj8t0,Being one of the first ones in the cross-border e-commerce field gave me an edge on the overall understanding of online operations and effective strategies for foreign brands in China. I am now dedicated to pass knowledge by advising governments and strategizing SMEs‚Äô online businesses. You can join me in this journey!
17,Heidi,Berg,,https://www.linkedin.com/in/heidi-berg-3474a4/,Shanghai Heidi AS,Greater China,https://media-exp1.licdn.com/dms/image/C5603AQFF6xM4taaoPg/profile-displayphoto-shrink_200_200/0?e=1587600000&v=beta&t=vjR1zIM-VA_0j_W2t3_NAtK8rY0SOpGNi14DLoQg9_E,"Through my company Shanghai Heidi AS I help foreign organizations learn from China in areas where relevant - particularly in the digital space: mobile payments, new retail, social media etc. I give strategy input, organise tailor made learning visits to China, hold seminars etc. And as the company name suggests, I am a one-woman-show based in Shanghai. To deliver services I cooperate with a number of local partners."
18,Jessica,Gleeson,Beauty,https://www.linkedin.com/in/jessica-gleeson-ab8a261/,BrighterBeauty,Greater China,https://media-exp1.licdn.com/dms/image/C5103AQESWj1pkRsySw/profile-displayphoto-shrink_200_200/0?e=1587600000&v=beta&t=56x-fMZB1E-sWAAliOwUhUPpm05baakhELbFlJeDBjc,
19,Elena,Gatti,Ecommerce,https://www.linkedin.com/in/elena-gatti-2512341/,Azoya,Germany,https://media-exp1.licdn.com/dms/image/C5603AQGBIuMbwhI0KA/profile-displayphoto-shrink_200_200/0?e=1587600000&v=beta&t=EYTy0Js4_jOc5piT7Vtw0rjS7ePcHB2YkV53BYA4l88,"Elena Gatti is THE China Retail expert in Europe. Starting her activities as a China cross-border E-Commerce consultant for Shenzhen-based eTailer Azoya four years ago, she has been consulting C-Levels throughout the European retail industry. Her vast knowledge of the Chinese consumer market and her European perspective on retail make her a great sparring-partner for both sides of the discussion."
20,Daphine,Tuijn,Ecommerce,https://www.linkedin.com/in/daphne-tuijn/,Chaoly,Greater China,https://media-exp1.licdn.com/dms/image/C5103AQH6piFQAb47rQ/profile-displayphoto-shrink_200_200/0?e=1587600000&v=beta&t=XXqxj6xpS10cSlsKIFaCEI1SHr7Gvh68BWMbYvvbkBQ,China eCommerce and tech specialist with a strong desire to formulate successful strategies for companies to grow in the China eCommerce space. I love numbers and I‚Äôm passionate to help companies use of data analytics in the right way.
21,Angela,Tabak,Ecommerce,https://www.linkedin.com/in/angelatabak/,Chaoly,Greater China,https://media-exp1.licdn.com/dms/image/C4D03AQH-xHa8bVBQug/profile-displayphoto-shrink_200_200/0?e=1587600000&v=beta&t=6nAszSTiMWoeRQwHBYHhqggOyf-vAU7L2U2j-yuMR_Q,"China eCommerce and tech specialist with a strong desire to formulate successful strategies for companies to grow in the China eCommerce space. Next to that I am passionate about building a community around eCommerce and tech in China and making valuable connections, so come and talk to me!"
22,Chloe,Goncalves,Ecommerce,https://www.linkedin.com/in/chloegoncalves/,Alibaba Group,France,https://media-exp1.licdn.com/dms/image/C4E03AQGp7puvTqesDQ/profile-displayphoto-shrink_200_200/0?e=1588204800&v=beta&t=6mQR8tX44j99yQwxVOhzs9watOlC12vXy7OpAmh_F-s,I am a dynamic and hardworking professional working in Paris after 3 years in China. Recruited among 3500 candidates to join the first Alibaba Global Leadership Academy (AGLA) created by Jack Ma to fasten the group globalization. I am currently helping European Brands enter the China market and sell through Alibabas e-commerce platforms.
23,Carlotta,Godio,,https://www.linkedin.com/in/carlotta-godio-15616418/,Flatmind Video Production,Greater China,https://media-exp1.licdn.com/dms/image/C4D03AQFPTelpenwp5A/profile-displayphoto-shrink_200_200/0?e=1588204800&v=beta&t=G-nNu3z62ESmd7axst-3njX54J3O2I2c2Ewq-pAOPjI,
24,Elisa,Harca,Fashion & Luxury,https://www.linkedin.com/in/elisaharca/,Red Ant,Hong Kong,https://media-exp1.licdn.com/dms/image/C5103AQGj5J7S8Rg9jw/profile-displayphoto-shrink_200_200/0?e=1588204800&v=beta&t=D52H9uftVvDeDChGMSv2Y6g-YyvmklTzptqBbBPg1rc,"We connect lifestyle & luxury brands to the modern Chinese consumer. Clients we support, include: Lane Crawford, Mango, LUSH, Charlotte Tilbury, The Cambridge Satchel Company, Botkier, Whittard, Shiseido, Giuseppe Zanotti, Yoox, Moncler, Samsonite, Balmain, Bulgari and many more. I contribute to publications such as Jing Daily, Retail in Asia, WWD, SCMP, WGSN, Campaign Asia and I am the Vice Chair of the British Chamber Retail Committee."
25,Marie,Tulloch,Tourism & Hospitality,https://www.linkedin.com/in/marie-tulloch-93320b7a/,Emerging Communications UK,United Kingdom,https://media-exp1.licdn.com/dms/image/C5603AQENfKNcMF0bfA/profile-displayphoto-shrink_200_200/0?e=1588204800&v=beta&t=wmU71m7XMvyU6SNxJ3ORRTI5F1oFUVBgM5rra_wTxtg,"Senior Client Services Manager Emerging Communications 
Specialisms: Luxury, Beauty, Tourism, KOL, Social Media
Marie has deep practical knowledge experience in aiding clients to manoeuvre in the Chinese market and engage Chinese consumers all over the world. 
Marie runs regular training masterclasses as well as working with brands such as Est√©e Lauder Group to deliver bespoke research, masterclasses and footfall driving campaigns.  Fluent in Mandarin and with over 170,000 followers on Chinese social media, she has been studying Chinese culture and language for over 10 years. "
26,Cathrine,Cervasio,Beauty,https://www.linkedin.com/in/catherine-cervasio/,Aluxe Pty Ltd,USA,https://media-exp1.licdn.com/dms/image/C5603AQF_PSGoffcocw/profile-displayphoto-shrink_200_200/0?e=1588204800&v=beta&t=BnoYHuVdhukJjKJ-7nQkB4WSrtGHA6YjFXrgPKSL_08,"Armed with a love of health and wellness together with a passion for developing and marketing on-trend, natural beauty and personal care products spanning more than two decades, my experience also includes marketing consultancy, product development, industry spokesperson, media relations, mentoring and freelance writing. Prior product development roles includes having worked on a wide range of cosmetics, skincare and fashion accessories for leading Australian retailers including Sportsgirl, Myer, Esprit, Country Road and Witchery."
27,Michelle,Wang,,https://www.linkedin.com/in/qiujingwang/,Sparkseeker,Australia,https://media-exp1.licdn.com/dms/image/C4D03AQEF0e5D6vFnjg/profile-displayphoto-shrink_200_200/0?e=1588204800&v=beta&t=OfQmtqQD_8pi3PiiEfI6VCdHuvtXWU3KuM-tS7fAyKs,"Michelle Wang is the Co-Founder of SparkSeeker, with a mission to help Australian businesses succeed in China by providing superior tactical and hands-on China marketing management."
28,Maria,Odetti,Luxury,https://www.linkedin.com/in/odetti/,ÂØ∫Â∫ìSECOO,Greater China,https://media-exp1.licdn.com/dms/image/C4D03AQH_qCQmyaMlvQ/profile-displayphoto-shrink_200_200/0?e=1588204800&v=beta&t=PVZyclfIPzTTgNHAj3iKKKcR8eZqqsjA55tZV7UZSeg,"Qualified project executive with 11 years experience in luxury the e-commerce industry, my focus is on business development and strategies for fashion e-commerce."
29,Sanne,Drogtrop,,https://www.linkedin.com/in/sannedrogtrop/,Media Monks,Greater China,https://media-exp1.licdn.com/dms/image/C4E03AQFcP15brNuilA/profile-displayphoto-shrink_200_200/0?e=1588204800&v=beta&t=A4LLeNWte4FannbhXxMrQuzUGZt3bpk8oc8Ef1_fLdk,Currently Executive producer / Head of Production MediaMonks Shanghai.
30,Tamar,Hela,B2B,https://www.linkedin.com/in/tamarhela/,Genius Encel Agency,Greater China,https://media-exp1.licdn.com/dms/image/C4E03AQFRNIzfm65lyw/profile-displayphoto-shrink_200_200/0?e=1588204800&v=beta&t=-1-WJJS0W2zVDgJIL690YKEUU9gK8md9JIGIyUP1gYA,"Once upon a time, a California girl went to China and started the greatest adventure of her life‚Ä¶ üòçWe help companies in Asia to get leads through LinkedIn by providing account management solutions.
"
31,Ming,Lee,Fashion & Luxury,https://www.linkedin.com/in/mingyuelee/,Qumin,United Kingdom,https://media-exp1.licdn.com/dms/image/C4D03AQGWDwF0KLD0oA/profile-displayphoto-shrink_200_200/0?e=1588204800&v=beta&t=8HzOJM7ClxTbUxGL-djrLsI2OeKJ-HBuPZS5IBpCQsA,
32,Tiffany,Ma,Social Media,https://www.linkedin.com/in/tiffany-maxinye/,Qumin,United Kingdom,,"I have been working in the social media/marketing industry for over 7 years now, both in digital advertising agencies and in-house brand companies in China and UK. I am familiar with all the social metrics like Facebook, Instagram, Weibo, Wechat and has run numerous campaigns for different clients such as Sony, Universal, Martell, Chivas, Radiohead, etc."
33,Lousia,Loehrig,,https://www.linkedin.com/in/louisaloehrig/,Qumin,United Kingdom,https://media-exp1.licdn.com/dms/image/C4D03AQEHtTf9Sg8Khw/profile-displayphoto-shrink_200_200/0?e=1588204800&v=beta&t=xJFSFcESqm5pscvxpX57wrC7JhbdtUejj0oxMA5syfg,
34,Ying,Tang,,https://www.linkedin.com/in/cinvi-ying-t-9849b714a/,Qumin,United Kingdom,https://media-exp1.licdn.com/dms/image/C5103AQFN2-KMtetL_A/profile-displayphoto-shrink_200_200/0?e=1588204800&v=beta&t=Y8bQBPnB55kRKZyBdaXEQc9R0dlMIDHvzlnNjcdFYfM,"Studying for an MA in Creative and Cultural Entrepreneurship ‚Äì Media and Communication Pathway at Goldsmiths, University of London."
35,Daisy,Lin,,https://www.linkedin.com/in/daisy-lin-1b5b74111/,Qumin,Greater China,https://media-exp1.licdn.com/dms/image/C5103AQE6gGmEntk2vw/profile-displayphoto-shrink_200_200/0?e=1588204800&v=beta&t=nS4IpQFR8osCOCI4sSUzrYAJJRIliAB8Gp1cIMzNpjE,BA in Advertising from Shantou University 2:1.
36,Bing,Yuan,,https://www.linkedin.com/in/bing-yuan-ba7020188/,Qumin,United Kingdom,https://media-exp1.licdn.com/dms/image/C5603AQGlBSaZycSv0Q/profile-displayphoto-shrink_200_200/0?e=1588204800&v=beta&t=K3Gq_3Wap176QOMSyCdd76WD7QLwcpF6-ft4UNuZTPA,"Experienced Marketing Executive with a demonstrated history of working in the marketing and advertising industry. Skilled in Microsoft 365, HubSpot, Adobe Photoshop, Lightroom, Premiere, Search Engine Marketing (SEM). Strong marketing professional with a Masters degree focused in Marketing from Queen Mary University of London."
37,Sim,Hoo,Branding,https://www.linkedin.com/in/sim-miao-hoo-7a387223/,kapowww Ltd,New Zealand,https://media-exp1.licdn.com/dms/image/C4D03AQGIfT8mXQ2UnQ/profile-displayphoto-shrink_200_200/0?e=1588204800&v=beta&t=506zgvEJF9qekd9IhhQS-InTYNPs9kgtggkMh34izWI,"Bilingual in Cantonese (Native), Mandarin (Native) and English."
38,Anne,Cao,,https://www.linkedin.com/in/anne-cao-03a46b25/,Red Bridge Consulting,New Zealand,https://media-exp1.licdn.com/dms/image/C4D03AQFuzrKwXOtLIQ/profile-displayphoto-shrink_200_200/0?e=1588204800&v=beta&t=5ziptN4qh5882jp9SjtLE7AKCxyi0kyfOj3XfUwMQxY,Red Bridge Consulting is a consulting agent specialsing in the Chinese market. We provide an advisory service to assist New Zealand companies and organizations to develop new business relationships with China.
39,Marie,Young,Social Media,https://www.linkedin.com/in/marieyoung/,Pacific Enterprise People,New Zealand,https://media-exp1.licdn.com/dms/image/C5103AQHyHwAilYKDHA/profile-displayphoto-shrink_200_200/0?e=1588204800&v=beta&t=WW8lGO6rxjHN_a1vMmKGsrHJJvhBdelr3Y0wEepCSgM,"Marie is an experienced leader of people. What gets her up in the morning is seeing the best in others, and coaching that greatness into reality. Her experience spans financial services, insurance, media, marketing and high-tech industries, in a variety of roles including customer service delivery and people and culture development."
40,Clara,Davis,Food & Beverage,https://www.linkedin.com/in/clara-elizabeth-davis-1544b712/,Taste Collective,Greater China,https://media-exp1.licdn.com/dms/image/C5603AQFGoc8lZAHS0Q/profile-displayphoto-shrink_200_200/0?e=1588204800&v=beta&t=PsaZFLxOq7BsfGJ-FQZMZlYS9l0VD4pbpWms-3ng8I0,"Creator based in Shanghai working at the intersection of food and stories. Co-Founder of Taste Collective - a creative agency that develops experience-driven marketing solutions using food and beverage as a medium. Founder of Unravel - a storytelling platform and content creator, premised on a monthly live show."
41,Bessie,Lee,,https://www.linkedin.com/in/bessielee/,Withinlink,Greater China,https://media-exp1.licdn.com/dms/image/C5103AQG1QLhxX8bU5A/profile-displayphoto-shrink_200_200/0?e=1588204800&v=beta&t=AhnNPdD_t76BNieQSSXTpSpxljLaPO7s9Q1RuqbhsSk,
42,Laure,De Carayon,,https://www.linkedin.com/in/lauredecarayon/,China Connect,France,https://media-exp1.licdn.com/dms/image/C4D03AQHT2vULAhmEgA/profile-displayphoto-shrink_200_200/0?e=1588204800&v=beta&t=IjOt6Zpc1gIYuxVowKiLhHoKmtySiB9GU2LFtQXF7lM,"20 years in advertising and media agencies, and audiovisual production companies, in France and abroad,"
43,Maria,Marguglio,Fashion & Luxury,https://www.linkedin.com/in/maria-rosaria-marguglio-9b62a731/,Guerlain,France,https://media-exp1.licdn.com/dms/image/C5603AQFkjVkjpYJumw/profile-displayphoto-shrink_200_200/0?e=1588204800&v=beta&t=iLXC933gN-clgZTMK2uqBB4X9KmgQURc_ENw1SNMRHM,Expert on Chinese Global Shoppers.
44,Bettey,Touzeau,Ecommerce,https://www.linkedin.com/in/bettytouzeau/,Paris2Beijing,France,https://media-exp1.licdn.com/dms/image/C5603AQGWRKf_SLbgbg/profile-displayphoto-shrink_200_200/0?e=1588204800&v=beta&t=7qVVwv3SBq5UR_IWM8tfLXLsYnkELuAI8t16BEIoDE4,"12 years in Chinese e-commerce industry. Creating value by passing on knowledges about China digital market and connecting brands/retailers with Chinese consumers. Main expertise in Chinese market: B2C and B2B marketplaces, consumers mindset, social medias, Wechat, mobile e-commerce, branding, sourcing, production, domestic and cross-border logistics."
45,Kirsten,Johnston,Branding,https://www.linkedin.com/in/kirstenjohnston/,JWDK,Greater China,https://media-exp1.licdn.com/dms/image/C4E03AQG2guCIMqNooQ/profile-displayphoto-shrink_200_200/0?e=1588204800&v=beta&t=G61B8LchonsO68A6-MwYTiH8yTLSaxprlEwQ7iO_jew,Busy adding oil to brands in China.
46,Siwei,Huang,PR,https://www.linkedin.com/in/siwei-huang-54318b21/,"OSK Public Relations Consulting (Beijing) Co., Ltd",Greater China,,
47,Janette,Lajara,,https://www.linkedin.com/in/janette-lajara-3b924a21/,"OSK Public Relations Consulting (Beijing) Co., Ltd",Germany,https://media-exp1.licdn.com/dms/image/C4D03AQFZB4CCEWviCg/profile-displayphoto-shrink_200_200/0?e=1588204800&v=beta&t=uMMjL_U93rLJFflyVNH8UvmsVhFn74u7mr5D4D9rz5g,Chinese culture expert
48,Weijie,Yang,,https://www.linkedin.com/in/weijie-yang-311a76186/,"OSK Public Relations Consulting (Beijing) Co., Ltd",Greater China,https://media-exp1.licdn.com/dms/image/C5103AQEAFMTDEbUhbQ/profile-displayphoto-shrink_200_200/0?e=1588204800&v=beta&t=fshcSpESOCQhRlf-G08UN6Ja4Z69s5kswNgYXMef05M,
49,Chelsea,Stone,Tourism & Hospitality,https://www.linkedin.com/in/chelseastone88/,Advito,USA,https://media-exp1.licdn.com/dms/image/C5603AQEB-pC-tbk2SQ/profile-displayphoto-shrink_200_200/0?e=1588204800&v=beta&t=-XitK8P1u1zq3cXR6srg4AXAB41PbqAJU0xId-0MWHI,Please send a private message to request Chelseas full work portfolio.
50,Chia-Yi,Tung,,https://www.linkedin.com/in/chiayitung/,Orchimedia Inc.,Canada,https://media-exp1.licdn.com/dms/image/C4E03AQGSuEZHzw1B3g/profile-displayphoto-shrink_200_200/0?e=1588204800&v=beta&t=tYAF45nrgTKUNCHr8tboMsKebH_x9F0KB2aaz2MsFwo,"‚ÄúWomen of the year‚Äù by ELLE Qu√©bec, ‚Äú25 Creators of the future‚Äù by Les Affaires business journal, ‚ÄúEntrepreneur of the year‚Äù by Young Chinese Professional Association... Chia is reputed to create solutions, positive relationships and results. A happy mom, creative, technophile, trainer, investor, chartered commercial and residential real estate broker, founder of the 1st Montreal based Canada-China marcom consulting firm Orchimedia.ca, founder and Chief Happy Broker of Montreal real estate brokerage team HappyBrokers.ca, founder of Invest in Montreal Real Estate Group, board member of Entreprendre ici, board member of advertising committee of Qu√©bec Professional Association of Real Estate Brokers, vice president of Chinese Entrepreneur Association of Quebec, ambassador of √âcoles des entrepreneurs, ambassador of La Ruche Crowdfunding, member of R√©seau des femmes d‚Äôaffaires du Qu√©bec, UDI Urban development institute of Quebec‚Ä¶ you can meet energetic Chia worldwide. The public speaking of Chia covers topics from China business to real estate investment to happiness-health, in English, Mandarin and French."
51,Penny,Burgess,,https://www.linkedin.com/in/pennyburgess/,WE Red Bridge,Greater China,https://media-exp1.licdn.com/dms/image/C5603AQHMOoeywcskIQ/profile-displayphoto-shrink_200_200/0?e=1588204800&v=beta&t=v22ZQuo1DUPAWhR8AxjpVw2OYGRpZc6ncRJ67JD3DGU,"Penny founded Red Bridge in 2009 with the vision of creating a communications agency that would provide clients in China with an alternative ‚Äì an independent consultancy local in its focus, creative in its approach and international in its thinking."
52,Heidi,Dugan,Food & Beverage,https://www.linkedin.com/in/heidi-dugan/,Chef Mama,Greater China,https://media-exp1.licdn.com/dms/image/C5103AQEEZsYDUfcV6w/profile-displayphoto-shrink_200_200/0?e=1588204800&v=beta&t=7io9t_kaCC3sUabs-5tlhYCtBYJYB1Ff5fWWRn9xYh0,"ùóõùó≤ùó∂ùó±ùó∂ ùóóùòÇùó¥ùóÆùóª is best known in China for hosting the popular television program ‚Äúùò†ùò∞ùò∂ ùò¢ùò≥ùò¶ ùòµùò©ùò¶ ùòäùò©ùò¶ùòß‚Äù, which has been running for 16 years and can be seen daily on several continents by satellite. This culinary entertainment has endeared her to audiences across china and made her one of the most recognizable personalities on ùòäùòäùòõùòù 9 and ùòêùòäùòö."
53,Brenda ,Chen,Influencer (KOL),https://www.linkedin.com/in/brenda-chen-yuhsuan/,Aje,Australia,https://media-exp1.licdn.com/dms/image/C5603AQGwL2iR5xk4ug/profile-displayphoto-shrink_200_200/0?e=1588204800&v=beta&t=1VoXOMvH0NGgxLsFGZx1oQ6Tt_lLhe9X2QKR7rpYbP4,I am a digital marketing specialist with strong expertise in marketing to China.
54,Sheba,Nandkeolyar,,https://www.linkedin.com/in/shebanandkeolyar3/,MultiConnexions Group,Australia,https://media-exp1.licdn.com/dms/image/C5603AQEgeRG0RmJzUw/profile-displayphoto-shrink_200_200/0?e=1588204800&v=beta&t=0rpgkbBFQFQqBC-7lzXnUkhuOrdEWZNs_diGlZkA_6E,"Sheba held CEO roles with McCANN, Interpub & WPP group before founding an independent integrated Multicultural Marketing, Advertising, PR, Social Media & Digital agency - MultiConnexions (initially branded as MMG),MCX is today Australia‚Äôs leading & largest independent agency in its category.Sheba‚Äôs experience includes financial services, telecom/ Technology, FMCG, Automobiles, Energy, Health & Pharma, Retail, Luxury & Fashion among others; this includes in-depth understanding of Indian, South Asian Middle Eastern, Chinese, European & other multicultural audiences."
55,Ping Ping ,Zhan,,https://www.linkedin.com/in/pingpingzhan/,Asia Biz Class,France,https://media-exp1.licdn.com/dms/image/C5603AQGK72YxAckV0Q/profile-displayphoto-shrink_200_200/0?e=1588204800&v=beta&t=1cViCLG-l3ryqTrpZn9yOurkofoKBoOj976vbIFyi7U,"Asia Biz Class provides Tailor-made One-Store Consulting Services :
Inter-culture Training, Business Development Strategy, Marketing,Customer Service and Cross-culture Team Building."
56,Roxy,Lu,,https://www.linkedin.com/in/roxy-lu-121199174/,Qumin,United Kingdom,https://media-exp1.licdn.com/dms/image/C5603AQGqZi8D2f9U4w/profile-displayphoto-shrink_200_200/0?e=1588204800&v=beta&t=e8WQPUaUNl_cXhiMbZo8gMRBSKipbW7SnGvQVp8gors,"Designer, curator. Storytelling illustration/comic/ manga, and story boarding are my strong points. Energetic, Passionate, Engagement are the keywords of my design perspectives. "
57,Dee ,Wang ,,https://www.linkedin.com/in/deeeewang/,Qumin,United Kingdom,https://media-exp1.licdn.com/dms/image/C4E03AQHqZ7CZNzsqdg/profile-displayphoto-shrink_200_200/0?e=1588204800&v=beta&t=5-2HhlUhhmtbcxQFiNS05ZR0A-avkZhCH9UdJZXVhkg,"I am a highly motivated designer eager to maximize work experiences and skills to a fast-paced environment. Equipped with excellent problem solving skills, solid commercial background in corporate communications, who are used to working on quality editorial, layouts and long documents. Also, i consider myself as a quick learner with rich experience in handling variety of projects with high efficiency. Now looking to develop and build a long and successful career in the creative industry."
58,Linda,Zhang,Social Media,https://www.linkedin.com/in/linda-zhang-01121023/,Freelance,Greater China,https://media-exp1.licdn.com/dms/image/C4D03AQFdaUrrMf_yVA/profile-displayphoto-shrink_200_200/0?e=1588204800&v=beta&t=aRaBYkO2XY4XNDrshPmruhK3wZ3546WIGE5NB3Y_ZL4,"I have an outgoing personality with a global mindset. I am eager to take on new challenges and I enjoy learning. I combine excellent communication skills with leadership skills and I have excellent language skills where I am able to use my Chinese mother tongue, and I speak fluent English. I am able to combine these to solve problems within an international working environment. I am good at writing and editing in both Chinese and English and I like to organize activities from A to Z and I possess a natural talent to generate new ideas and be open to change. From my previous work experience up until today you can see that I can successfully manage stress at all levels within an international working environment. I am interested in a position especially in foreigner companies where I could using my Chinese language, English translation, public relationship and excellent writing skills."
59,Miriam ,Theobald,,https://www.linkedin.com/in/miriamtheobald/,D≈åNGXii.com,Germany,https://media-exp1.licdn.com/dms/image/C4D03AQFnHODOlKMyGw/profile-displayphoto-shrink_200_200/0?e=1588204800&v=beta&t=JW9AcCwx15tduyW7coEYBI8yq9G_mzk2IH1sqV-h1Oc,"Miriam is the COO and Co-Founder of DONGXii, a digital service builder for market entries to China."
60,Dr Stephanie ,Gordon,Beauty,https://www.linkedin.com/in/dr-stephanie-gordon-1814b660/,Primavera Parfum,United Kingdom,https://media-exp1.licdn.com/dms/image/C4D03AQHLZrPGvHT1Dg/profile-displayphoto-shrink_200_200/0?e=1588204800&v=beta&t=3XRFhWHvcwFpGJa3h06N0Dh3hntWrTtObuptWaZ-yjc,"Over the years that followed I built my career bridging that same divide, at first through a PhD to give me an in-depth understanding of China, and then later working for, and with, Chinese companies, where I specialised in cross border e-commerce."
61,Jessica,Rudd,Ecommerce,https://www.linkedin.com/in/jessica-rudd/,eCargo Holdings Limited,Australia,https://media-exp1.licdn.com/dms/image/C5603AQF23X-qQp9CRg/profile-displayphoto-shrink_200_200/0?e=1588204800&v=beta&t=Xr9sDwjkNeG5weIJUv6ksuXq9S2uOHlFj2U9JK9leHA,
62,Mei Lien,MOUAQIT,Ecommerce,https://www.linkedin.com/in/mei-lien-mouaqit/,MBA MCI,France,https://media-exp1.licdn.com/dms/image/C5603AQGnXZA1JR4mHg/profile-displayphoto-shrink_200_200/0?e=1588204800&v=beta&t=ph5jO6G0F6XSjGqKKyRuV4uIGMA4NIvhI_2KQHIFSnw,"Avec 1,420 milliards de personnes, la Chine est le pays le plus peupl√© au monde et est d√©sormais celui qui √©met le plus de touristes. Sachant que seulement 10% des chinois poss√®dent un passeport, le potentiel pour les prochaines ann√©es est √©norme! Cette croissance est fortement imputable aux jeunes g√©n√©rations chinoises, qui issues de la politique de l‚Äôenfant unique, sont de plus en plus ais√©es, sophistiqu√©es et aventuri√®res. Elles n‚Äôh√©sitent pas √† aller de plus en plus loin pour explorer le monde √† la recherche d‚Äôimmersions culturelles fortes et d‚Äôexp√©riences in√©dites."
63,Claire Lily,Squire,Social Media,https://www.linkedin.com/in/clairelilysquire/,GenNow,Greater China,https://media-exp1.licdn.com/dms/image/C5103AQHDq1zQ-MxjMQ/profile-displayphoto-shrink_200_200/0?e=1588204800&v=beta&t=XO1sGjZAGwor7aF5YIoJ5mnrtHg_pPFd21a8eoS5k5Q,"I am now working at GenNow PR & Communications, helping brands, companies and countries market themselves and connect with Chinese consumers. We help companies around the world connect with affluent Chinese consumers through media and influencers.
"
64,Eliza ,Wong,,https://www.linkedin.com/in/eliza-wong-b9422114/,MaLogic Holdings Limited,Greater China,https://media-exp1.licdn.com/dms/image/C4D03AQFl6MBkyQ_Pbg/profile-displayphoto-shrink_200_200/0?e=1588204800&v=beta&t=25McLu00nmbC5I2x7G6l8f_jluMrnVWoM7B50NUcj7Q,
65,Jennifer,Tsai,,https://www.linkedin.com/in/jennifer-tsai-9805872b/,MaLogic Holdings Limited,Greater China,https://media-exp1.licdn.com/dms/image/C5603AQEYNpR5HbCs8Q/profile-displayphoto-shrink_200_200/0?e=1588204800&v=beta&t=s1540-4qePUW3d_empk-Tikd6yeGByjKREAkqsKfuQA,
66,Amy,Lee,,https://www.linkedin.com/in/amy-lee-a980615/,Mondelƒìz International,Greater China,https://media-exp1.licdn.com/dms/image/C4E03AQEDQiBb7qCtaA/profile-displayphoto-shrink_200_200/0?e=1588204800&v=beta&t=mGrC7adSu3fxT9tKIde0wR07qZrMGJpBn-hUzwQ-UIo,
67,Annette ,Sharp,,https://www.linkedin.com/in/sharpannette/,The China Digital Agency,,https://media-exp1.licdn.com/dms/image/C5103AQGNNfAExHZIZw/profile-displayphoto-shrink_200_200/0?e=1588204800&v=beta&t=BEoD1H91_E_6vunT78owSNb-9ivBeoxH1dsdVCH_uJk,"My skills as a multicultural marketer, researcher and channel planner have all been channelled into co-founding and managing the China Digital Agency. My specialty is helping businesses understand and connect with Chinese independent tourists, investors and students through Chinese social media, digital platforms and research."
68,Emily,Jiang,Social Media,https://www.linkedin.com/in/emily-jiang-21b126108/,Duhno,Greater China,https://media-exp1.licdn.com/dms/image/C5103AQEPYfgl5_zfEA/profile-displayphoto-shrink_200_200/0?e=1588204800&v=beta&t=3zn373BvTO-jjFESHIo4IvYIci_7mK3kA_BdYaNnoZQ,"Experienced, dynamic, and creative professional with extensive years of rich multi-cultural and global experience in digital marketing. Served including Eatwith, Loacker, Ubisoft, Turner (Warner Media), Coop, Yellow Tail‚Ä¶ Strong digital marketing knowledge with an ability to execute a wide range of strategies to establish market presence and increase brand awareness and impression to match the overall strategy of the clients. Bilingual in Chinese and English."
69,Devi,Liu,Social Media,https://www.linkedin.com/in/devi-liu/,Duhno,Greater China,https://media-exp1.licdn.com/dms/image/C5103AQE1vYcM2YnK-g/profile-displayphoto-shrink_200_200/0?e=1588204800&v=beta&t=B-QZpIm75bRF9acR09uwQC7RnvUWxMW4EkhVu_oLOo8,
70,Qianru ( Denise) ,Fang ,Fashion & Luxury,https://www.linkedin.com/in/denise-fang/,Reuter Communications,Greater China,https://media-exp1.licdn.com/dms/image/C5103AQElZ0uzpp-2lw/profile-displayphoto-shrink_200_200/0?e=1588204800&v=beta&t=xBBvDw7DciwsfenSVg26rNLPnVq9kCZl6vkjaQYlbhc,
71,Deirdre,Kiely,B2B,https://www.linkedin.com/in/dkiely1991/,PrecisionBiotics,Greater China,https://media-exp1.licdn.com/dms/image/C4E03AQHj-S66WEbocg/profile-displayphoto-shrink_200_200/0?e=1588204800&v=beta&t=RSrOlB7rduaEMQDFb1y96PilGC0T1H6gHXD5gTID0ZU,Currently working as China Business Development & Marketing Executive at PrecisionBiotics.
72,Joy,Li ,Branding,https://www.linkedin.com/in/pan-%EF%BC%88joy%EF%BC%89-li-abab1581/,Hill+Knowlton Strategies,Greater China,https://media-exp1.licdn.com/dms/image/C4E03AQGTjW64R_N1eQ/profile-displayphoto-shrink_200_200/0?e=1588204800&v=beta&t=E0Aa3VEkh2WoFhUpuxs0A1Sm_Mq2lCsSDbHY6dFv5us,"Joy Li has been working as Account Coordinator in H&K Strategies Auto team for one and half years, now serving account Ford Motor Company and focusing on Content and Media Relations."
73,Troy ,Sun,Fashion & Luxury,https://www.linkedin.com/in/troy-sun-70927579/,Reuter Communications,Greater China,https://media-exp1.licdn.com/dms/image/C5603AQFbZp0-aHMBfg/profile-displayphoto-shrink_200_200/0?e=1588204800&v=beta&t=q2z8Kaksm-GSnARhUdEsgqY9C4-l4v2HA9ck6UlqIE0,"An innovation and strategy oriented marketing and communication professional with 5 years collaboration proficiency and intensive agency experience - a problem solver, with a passion for strategic planning and consultation, integrated communications, Chinese digital marketing studies, influencer strategy. Result-driven fast learner, team player and capable of working in the multi-cultural business environment."
74,Hongyu,Mao,Social Media,https://www.linkedin.com/in/hongyumao/,Nordic Business House,Greater China,https://media-exp1.licdn.com/dms/image/C5103AQFSH3wEVN7SoQ/profile-displayphoto-shrink_200_200/0?e=1588204800&v=beta&t=JWVrwpDszcrFm8ZRIT00e1Tx_3nYmG6KTQslYi89GB0,"Experienced Social Media Account Manager with a demonstrated history of working at digital marketing agency. I have developed my skills in marketing research, project management, analytical skills and customer service. Strong program and project management professional with a Master‚Äôs Degree focused in International Business Strategy from Linnaeus University."
75,Natasha,Fang ,Social Media,https://www.linkedin.com/in/nataf/,Tolmao,Greater China,https://media-exp1.licdn.com/dms/image/C5103AQF8QGZ5jfBeCw/profile-displayphoto-shrink_200_200/0?e=1588204800&v=beta&t=wefs9EvGfO2EQxHOXA5QTv0E_c9GZ_6fxkT4BzvpaTU,"Natasha is a seasoned expert and futurist in marketing and promoting products, people, and businesses. She is a proven brand builder, business leader, and strategic thinker with the ability to balance innovative ideas with analytical problem-solving. She has a consistent track record of achieving results for brands through innovation, collaboration, and hands-on execution."
76,Jessica,Dai,Fashion & Luxury,https://www.linkedin.com/in/yuxin-jessica-dai-%E6%88%B4%E4%BA%88%E9%A6%A8-9558a22a/,China Luxury Advisors,USA,https://media-exp1.licdn.com/dms/image/C4D03AQFYbf1O7c33Lw/profile-displayphoto-shrink_200_200/0?e=1588204800&v=beta&t=yIEgeMsp_xHpmLqpAr0KEfKpL2UETKYYaYxvI6-hgsY,"Where else can you find a proficient writer, bilingual communicator, avid researcher and strategic thinker all rolled in one? As a seasoned China marketing specialist, I have helped world renowned brands and tourism destinations develop and implement successful social, digital, tourism and retail strategies."
77,Jingyi,Hu,Fashion & Luxury,https://www.linkedin.com/in/jingyi-hu-47b80b6a/,Yinger Fashion Group,USA,https://media-exp1.licdn.com/dms/image/C4E03AQE_23SOqb0oBg/profile-displayphoto-shrink_200_200/0?e=1588204800&v=beta&t=mzGTJbdgf3_KyYYuISTEBLrJJcvgTo6Cp4wAGCp3fFA,
78,Rachel,Daydou,,https://www.linkedin.com/in/rdaydou/,Fabernovel,Greater China,https://media-exp1.licdn.com/dms/image/C5603AQFMWY9Bou_5rg/profile-displayphoto-shrink_200_200/0?e=1588204800&v=beta&t=j3qxJUeN-J3R3FQKLSQUwczejTkFWyqEwZ16Y3RoDLc,"Driven, authentic and multicultural C-level executive with 10+ years of experience building innovative businesses in China. Responsibilities have covered management, sales, and marketing in various industries covering F&B distribution, Fashion retail, Digital Marketing, and Education."
79,Jenna,√ñhrnberg,,https://www.linkedin.com/in/jennaohrnberg/,Self Employed,Greater China,https://media-exp1.licdn.com/dms/image/C5603AQG3esY9GFHiEw/profile-displayphoto-shrink_200_200/0?e=1588204800&v=beta&t=bQHyNICQvPEUyOmte8EYZ1336rXeE-_0EQQAR177qbs,I am a digital marketing professional and Ex-Googler with extensive China experience. I have a passion for building brands and driving engagement through smart digital strategy and creative content backed by data analytics.
80,Olivia ,Plotnick,Social Media,https://www.linkedin.com/in/olivia-plotnick/,Self Employed,Greater China,https://media-exp1.licdn.com/dms/image/C5103AQERRq9H_G6zyA/profile-displayphoto-shrink_200_200/0?e=1588204800&v=beta&t=Ib_mNDSSVUDPQJbSjTgcJpXotxUfw1Wf3vSfyX1gmfw,"I specialize in WeChat and China social media marketing. I help brands navigate social media channels and produce content with a long-term mindset. This means; telling a brand story with purpose, attracting *the right* followers and maintaining consistency. I work with small businesses & startups to produce effective content and community engagement to grow their presence and convert on WeChat and other social media channels. I also deliver tailored workshops for companies on how to develop effective messaging and content for different social media channels. "
81,Julia,Bingel,,https://www.linkedin.com/in/julia-bingel-076a0836/,Beautiful Products GmbH,Germany,https://media-exp1.licdn.com/dms/image/C4D03AQHK_d81gtUCEg/profile-displayphoto-shrink_200_200/0?e=1588204800&v=beta&t=k7I8bKA_PhOZ3theOXU38Sd8w95EyWogih6pjrHnGUM,"I am your contact person in Germany when it comes to Cross Border Ecommerce China, brandbuilding, marketing and market entry in China. I am running an agency for ofer 5 years.I have already helped big brands to enter the chinese Market."
82,Rocky,Chi,B2B,https://www.linkedin.com/in/rocky-chi/,Emerging Communications UK,United Kingdom,https://media-exp1.licdn.com/dms/image/C4D03AQGeQFY7c5Jguw/profile-displayphoto-shrink_200_200/0?e=1588204800&v=beta&t=rFPSEO6LtpFcEiH12VBaaKIHIGdbgB9Qza8sUhY1gr0,"Head of Planning Emerging Communications 
Specialisms: Consultancy, B2B, Branding, Food & Beverage, PR
Rocky has over 10 years of strategic marketing and consultancy experience.
After working extensively with Western clients in China, Rocky moved to London 6 years ago to provide Europe based brands a window of insights into the Chinese market. Specialised in delivering outstanding consultancy projects for a huge range of clients across sectors such as B2B, Education, Luxury, FMCG and Real Estate Rocky is also an experienced public speaker and intercultural communicator."
83,Vanessa,Wu,Fashion & Luxury,https://www.linkedin.com/in/vanessa-wu-a3659226/,Reuter Communications,United Kingdom,https://media-exp1.licdn.com/dms/image/C4D03AQHnGYxX7a8b_A/profile-displayphoto-shrink_200_200/0?e=1588204800&v=beta&t=qNxfLXrq2Q660djRH2iMQGuEUIPqZ8k-B8ByTzjvbKk,"Vanessa has abundant PR and digital communications experiences of both in-house and agency role. She has formed a comprehensive understanding of the hospitality, luxury fashion and e-commerce industry by serving clients such as Aman, Hilton luxury brands, Delvaux, Maison Margiela, Chic Outlet Shopping, Farfetch, Hotels.com, etc. Moreover, Vanessa is a media expert. Her insights and knowledge enable her to craft stories, handle effective media communication and provide proactive strategic counsel for clients."